{
    "bodyType": 1,
    "skinColor": {
        "r": 1.0,
        "g": 0.7647058963775635,
        "b": 0.6392157077789307,
        "a": 1.0
    },
    "tintColor": {
        "r": 1.0,
        "g": 1.0,
        "b": 1.0,
        "a": 1.0
    },
    "slotData": [
        {
            "category": 0,
            "partName": "Fantasy Set 01 Female",
            "partPackage": "Fantasy",
            "color1": {
                "r": 0.5789600014686585,
                "g": 0.02988377958536148,
                "b": 0.02988377958536148,
                "a": 1.0
            },
            "color2": {
                "r": 0.905329167842865,
                "g": 0.7208160758018494,
                "b": 0.052596911787986758,
                "a": 1.0
            },
            "color3": {
                "r": 0.905329167842865,
                "g": 0.7208160758018494,
                "b": 0.052596911787986758,
                "a": 1.0
            }
        },
        {
            "category": 1,
            "partName": "Fantasy 09",
            "partPackage": "Fantasy",
            "color1": {
                "r": 0.905329167842865,
                "g": 0.7208160758018494,
                "b": 0.052596911787986758,
                "a": 1.0
            },
            "color2": {
                "r": 0.5566827654838562,
                "g": 0.03493475168943405,
                "b": 0.03493475168943405,
                "a": 1.0
            },
            "color3": {
                "r": 0.905329167842865,
                "g": 0.7208160758018494,
                "b": 0.052596911787986758,
                "a": 1.0
            }
        },
        {
            "category": 2,
            "partName": "00",
            "partPackage": "Base",
            "color1": {
                "r": 0.5,
                "g": 0.5,
                "b": 0.5,
                "a": 1.0
            },
            "color2": {
                "r": 0.5,
                "g": 0.5,
                "b": 0.5,
                "a": 1.0
            },
            "color3": {
                "r": 0.5,
                "g": 0.5,
                "b": 0.5,
                "a": 1.0
            }
        },
        {
            "category": 3,
            "partName": "02",
            "partPackage": "Base",
            "color1": {
                "r": 0.3019607961177826,
                "g": 0.1921568661928177,
                "b": 0.1921568661928177,
                "a": 1.0
            },
            "color2": {
                "r": 0.3019607961177826,
                "g": 0.1921568661928177,
                "b": 0.1921568661928177,
                "a": 1.0
            },
            "color3": {
                "r": 0.3019607961177826,
                "g": 0.1921568661928177,
                "b": 0.1921568661928177,
                "a": 1.0
            }
        },
        {
            "category": 4,
            "partName": "00",
            "partPackage": "Base",
            "color1": {
                "r": 0.0828578844666481,
                "g": 0.31430041790008547,
                "b": 0.39537128806114199,
                "a": 1.0
            },
            "color2": {
                "r": 0.0828578844666481,
                "g": 0.31430041790008547,
                "b": 0.39537128806114199,
                "a": 1.0
            },
            "color3": {
                "r": 0.0828578844666481,
                "g": 0.31430041790008547,
                "b": 0.39537128806114199,
                "a": 1.0
            }
        },
        {
            "category": 5,
            "partName": "",
            "partPackage": "",
            "color1": {
                "r": 0.3019607961177826,
                "g": 0.1921568661928177,
                "b": 0.1921568661928177,
                "a": 1.0
            },
            "color2": {
                "r": 0.3019607961177826,
                "g": 0.1921568661928177,
                "b": 0.1921568661928177,
                "a": 1.0
            },
            "color3": {
                "r": 0.3019607961177826,
                "g": 0.1921568661928177,
                "b": 0.1921568661928177,
                "a": 1.0
            }
        },
        {
            "category": 6,
            "partName": "Fantasy Set 01",
            "partPackage": "Fantasy",
            "color1": {
                "r": 0.905329167842865,
                "g": 0.7208160758018494,
                "b": 0.052596911787986758,
                "a": 1.0
            },
            "color2": {
                "r": 0.5455441474914551,
                "g": 0.009929347783327103,
                "b": 0.009929347783327103,
                "a": 1.0
            },
            "color3": {
                "r": 0.5,
                "g": 0.5,
                "b": 0.5,
                "a": 1.0
            }
        },
        {
            "category": 7,
            "partName": "14",
            "partPackage": "Base",
            "color1": {
                "r": 0.2640949487686157,
                "g": 0.16306866705417634,
                "b": 0.12335168570280075,
                "a": 1.0
            },
            "color2": {
                "r": 0.2640949487686157,
                "g": 0.16306866705417634,
                "b": 0.12335168570280075,
                "a": 1.0
            },
            "color3": {
                "r": 0.2640949487686157,
                "g": 0.16306866705417634,
                "b": 0.12335168570280075,
                "a": 1.0
            }
        },
        {
            "category": 8,
            "partName": "",
            "partPackage": "",
            "color1": {
                "r": 0.5,
                "g": 0.5,
                "b": 0.5,
                "a": 1.0
            },
            "color2": {
                "r": 0.5,
                "g": 0.5,
                "b": 0.5,
                "a": 1.0
            },
            "color3": {
                "r": 0.5,
                "g": 0.5,
                "b": 0.5,
                "a": 1.0
            }
        },
        {
            "category": 9,
            "partName": "08",
            "partPackage": "Base",
            "color1": {
                "r": 1.0,
                "g": 0.498039186000824,
                "b": 0.498039186000824,
                "a": 1.0
            },
            "color2": {
                "r": 1.0,
                "g": 0.498039186000824,
                "b": 0.498039186000824,
                "a": 1.0
            },
            "color3": {
                "r": 1.0,
                "g": 0.498039186000824,
                "b": 0.498039186000824,
                "a": 1.0
            }
        },
        {
            "category": 10,
            "partName": "03",
            "partPackage": "Base",
            "color1": {
                "r": 0.5,
                "g": 0.5,
                "b": 0.5,
                "a": 1.0
            },
            "color2": {
                "r": 0.5,
                "g": 0.5,
                "b": 0.5,
                "a": 1.0
            },
            "color3": {
                "r": 0.5,
                "g": 0.5,
                "b": 0.5,
                "a": 1.0
            }
        },
        {
            "category": 11,
            "partName": "Fantasy 08 Female",
            "partPackage": "Fantasy",
            "color1": {
                "r": 0.534405529499054,
                "g": 0.03353673964738846,
                "b": 0.03353673964738846,
                "a": 1.0
            },
            "color2": {
                "r": 0.5009896755218506,
                "g": 0.02585923857986927,
                "b": 0.02585923857986927,
                "a": 1.0
            },
            "color3": {
                "r": 0.905329167842865,
                "g": 0.7208160758018494,
                "b": 0.052596911787986758,
                "a": 1.0
            }
        },
        {
            "category": 12,
            "partName": "",